Image,Name,Description,Difficulty,Time
https://origami-database.com/wp-content/uploads/DSC03551-export-900x900.jpg,Jumping frog,Abstract frog that jumps when tapped.,Easy,3 min.
https://origami-database.com/wp-content/uploads/DSC03538-export-900x900.jpg,Three-Headed Dragon,Bipedal three-headed creature with small wings and horned heads featuring open mouths.,Intermediate,2 hr. 22 min.
https://origami-database.com/wp-content/uploads/DSC03545-export-900x900.jpg,Charizard,Standing three-dimentional dragon from Pokémon with reverse-colored wings and flame on the tip of its tail.,Hard,2 hr. 55 min.
https://origami-database.com/wp-content/uploads/DSC03534-export-900x900.jpg,Lapras,Three-dimentional plesiosaur-like creature with reverse-colored shell on its back.,Intermediate,48 min.
https://origami-database.com/wp-content/uploads/DSC03531-export-900x900.jpg,Bulbasaur,Quadruped creature with large plant bulb on its back.,Intermediate,30 min.
https://origami-database.com/wp-content/uploads/DSC03508-export-900x900.jpg,Pegasus,Horse with medium-sized wings.,Hard,1 hr. 50 min.
https://origami-database.com/wp-content/uploads/DSC03570-export-900x900.jpg,Tulip and Stem,Red abstract flower with three petals on a stem with a single leaf.,Easy,4 min.
https://origami-database.com/wp-content/uploads/DSC03512-export-900x900.jpg,Atlantic Puffin,Standing bulky bird with reverse-colored elements.,Intermediate,52 min.
https://origami-database.com/wp-content/uploads/DSC03495-export-900x900.jpg,Rabbit,Simple abstract rabbit face.,Easy,2 min.
https://origami-database.com/wp-content/uploads/DSC03497-export-900x900.jpg,Horse,Simple abstract horse head.,Easy,3 min.
https://origami-database.com/wp-content/uploads/DSC03493-export-900x900.jpg,Cat,Simple abstract cat face.,Easy,2 min.
https://origami-database.com/wp-content/uploads/DSC03516-export-900x900.jpg,Tarrasque,"Quadruped armored beast with long tail, scales on its back and a horned head.",Complex,3 hr. 45 min.
https://origami-database.com/wp-content/uploads/DSC03491-export-900x900.jpg,Dog,Simple abstract dog face.,Easy,2 min.
https://origami-database.com/wp-content/uploads/DSC03506-export-900x900.jpg,Fish,"Simple generic fish with dorsal, pelvic and caudal fins.",Easy,6 min.
https://origami-database.com/wp-content/uploads/DSC03499-export-900x900.jpg,Fish,Simple abstract fish,Easy,2 min.
https://origami-database.com/wp-content/uploads/DSC03501-export-900x900.jpg,Penguin,Simple abstract penguin,Easy,2 min.
https://origami-database.com/wp-content/uploads/DSC03488-export-900x900.jpg,Lily Pad,Flat water lily leaf.,Moderate,8 min.
https://origami-database.com/wp-content/uploads/DSC03486-export-900x900.jpg,Lotus Flower,Water lily flower.,Moderate,20 min.
https://origami-database.com/wp-content/uploads/DSC03482-export-900x900.jpg,Greater Death’s Head Hawkmoth,"Flying insect with reverse-colored wings, striped abdomen and skull-like symbol on its back.",Complex,4 hr. 10 min.
https://origami-database.com/wp-content/uploads/DSC03475-export-900x900.jpg,Prehistoric Man,Male humanoid shape with visible genitals.,Moderate,14 min.
https://origami-database.com/wp-content/uploads/DSC03467-export-900x900.jpg,Otyugh,Three-legged monster with two large tentacles and an open mouth.,Intermediate,1 hr. 18 min.
https://origami-database.com/wp-content/uploads/DSC03469-export-scaled.jpg,Bulette,Armored quadruped creature with large maw.,Hard,1 hr. 58 min.
https://origami-database.com/wp-content/uploads/DSC03472-export-900x900.jpg,Fly,Abstract three-dimentional flying insect with reverse-colored wings.,Easy,6 min.
https://origami-database.com/wp-content/uploads/DSC03463-export-900x900.jpg,Question Mark,Question mark symbol on a reverse-colored background.,Intermediate,22 min.
https://origami-database.com/wp-content/uploads/DSC03459-export-900x900.jpg,Tulip,Flat duo-colored flower on reverse-colored background.,Intermediate,38 min.
https://origami-database.com/wp-content/uploads/DSC03456-export-900x900.jpg,Owlbear,Abstract bear-like creature with large beak and talons.,Moderate,37 min.
https://origami-database.com/wp-content/uploads/DSC03453-export-900x900.jpg,Intellect Devourer,"Brain on four legs, each having three digits.",Intermediate,1 hr. 11 min.
https://origami-database.com/wp-content/uploads/DSC03448-export-900x900.jpg,Displacer beast,Six-legged catlike creature with two large tentacles sprouting from its back.,Hard,2 hr. 40 min.
https://origami-database.com/wp-content/uploads/DSC03451-export-900x900.jpg,Heart with bow,Heart symbol with reverse-colored bow on top.,Easy,9 min.
https://origami-database.com/wp-content/uploads/DSC03429-export-900x900.jpg,Staff,Abstract staff topped with a reverse-colored tip.,Moderate,13 min.
https://origami-database.com/wp-content/uploads/DSC03438-export-900x900.jpg,The Flying Carpet,Airplane that can be thrown.,Easy,4 min.
https://origami-database.com/wp-content/uploads/DSC03427-export-900x900.jpg,Carp banner,Abstract fish with open mouth and two pectoral fins.,Easy,7 min.
https://origami-database.com/wp-content/uploads/DSC03433-export-900x900.jpg,The Glider,Airplane that can be thrown.,Easy,4 min.
https://origami-database.com/wp-content/uploads/DSC03431-export-900x900.jpg,Sword,Abstract sword with reverse-colored blade and upward crossguard.,Moderate,11 min.
https://origami-database.com/wp-content/uploads/DSC03424-export-900x900.jpg,Tiger,Abstract tiger with reverse-colored stripes and nose.,Intermediate,51 min.
https://origami-database.com/wp-content/uploads/DSC03422-export-900x900.jpg,Mammoth,Abstract mammoth model with large reverse-colored thusks.,Intermediate,38 min.
https://origami-database.com/wp-content/uploads/DSC03420-export-900x900.jpg,Rhinoceros,Abstract rhino with distinctive head and large horn.,Moderate,27 min.
https://origami-database.com/wp-content/uploads/DSC03415-export-900x900.jpg,Merino Sheep,Sheep with horns and reverse-colored head.,Moderate,22 min.
https://origami-database.com/wp-content/uploads/DSC03383-export-900x900.jpg,Baby Gorilla,Standing ape model with distinctive head and pose.,Moderate,22 min.
https://origami-database.com/wp-content/uploads/DSC03405-export-900x900.jpg,Phantom,Large conch shell with reverse-colored wave coming out of it featuring a small boat.,Complex,4 hr. 35 min.
https://origami-database.com/wp-content/uploads/DSC03389-export-900x900.jpg,Tonosama grasshopper,"Grasshopper with six independent legs, two antennae and distinctive shape.",Intermediate,1 hr. 5 min.
https://origami-database.com/wp-content/uploads/DSC03392-export-900x900.jpg,Ax,Simple axe with reverse-colored blade.,Moderate,9 min.
https://origami-database.com/wp-content/uploads/DSC03385-export-900x900.jpg,Giant Tortoise,Standing tortoise with large shield and raised head.,Intermediate,44 min.
https://origami-database.com/wp-content/uploads/DSC03371-export-900x900.jpg,Sea Turtle,Three-dimentional turtle with distinctive flippers.,Moderate,18 min.
https://origami-database.com/wp-content/uploads/DSC03379-export-900x900.jpg,Singer,Cowled humanoid figure with a book in one hand.,Moderate,40 min.
https://origami-database.com/wp-content/uploads/DSC03381-export-900x900.jpg,Velociraptor,"Bipedal dinosaur model with reverse-colored head, feet and arm feathers.",Intermediate,1 hr. 3 min.
https://origami-database.com/wp-content/uploads/DSC03332-export-900x900.jpg,Skull Coin,Octogonal flat model with a reverse-colored skull symbol.,Intermediate,24 min.
https://origami-database.com/wp-content/uploads/DSC03329-export-900x900.jpg,Deer,Standing deer featuring antlers with six points.,Intermediate,55 min.
https://origami-database.com/wp-content/uploads/DSC03328-export-900x900.jpg,Lady,Winged female figure with long skirt.,Hard,2 hr. 24 min.
https://origami-database.com/wp-content/uploads/DSC03320-export-900x900.jpg,Fish,"Abstract fish model with open mouth and large, reverse-colored eye.",Intermediate,29 min.
https://origami-database.com/wp-content/uploads/DSC03312-export-900x900.jpg,Ammonite,Segmented shell with four reverse-colored tentacles.,Moderate,29 min.
https://origami-database.com/wp-content/uploads/DSC03309-export-900x900.jpg,Dandelion,Flower on stem with reverse-colored petals.,Moderate,25 min.
https://origami-database.com/wp-content/uploads/DSC03315-export-900x900.jpg,Raccoon,"Sitting racoon with distinctive reverse-colored snout, ears and bands on its tail.",Intermediate,41 min.
https://origami-database.com/wp-content/uploads/DSC03306-export-900x900.jpg,Velociraptor,Standing bipedal dinosaur with long tail and open mouth.,Moderate,27 min.
https://origami-database.com/wp-content/uploads/DSC03301-export-900x900.jpg,Hedgehog,"Standing hedgehog with reverse-colored head and feet, including a segmented back featuring quill-like motif.",Intermediate,50 min.
https://origami-database.com/wp-content/uploads/DSC03292-export-900x900.jpg,Crab,Eight-legged crab with two large claws.,Intermediate,35 min.
https://origami-database.com/wp-content/uploads/DSC03290-export-900x900.jpg,Zebra,"Standing zebra with reverse-colored nose, mane, tail and three stripes on its back.",Intermediate,40 min.
https://origami-database.com/wp-content/uploads/DSC03297-export-900x900.jpg,Clownfish,Fish with reverse-colored stripes.,Intermediate,38 min.
https://origami-database.com/wp-content/uploads/DSC03282-export-900x900.jpg,Toad/frog,"Sitting frog (or toad) model with reverse-colored eyes and jaw, featuring three digits on its front toes.",Intermediate,54 min.
https://origami-database.com/wp-content/uploads/DSC03287-export-900x900.jpg,Unicorn,Standing unicorn with large head and twisted horn.,Intermediate,57 min.
https://origami-database.com/wp-content/uploads/DSC03193-export-900x900.jpg,Satyr,Standing goat-like humanoid with reverse-colored horns.,Hard,1 hr. 18 min.
https://origami-database.com/wp-content/uploads/DSC03255-export-900x900.jpg,Ancient Dragon,"Dragon with eight large spikes on its head, large wings, segmented tail and four talons with four digits each.",Complex,9 hr. 50 min.
https://origami-database.com/wp-content/uploads/DSC03166-export-900x900.jpg,Bear with salmon,Abstract sitting bear holding a reverse-colored fish in its arms.,Moderate,33 min.
https://origami-database.com/wp-content/uploads/DSC03173-export-900x900.jpg,Lantern,Traditional lantern with octagonal-shaped inside.,Easy,3 min.
https://origami-database.com/wp-content/uploads/DSC03174-export-900x900.jpg,Lantern,Traditional lantern with pointed sides.,Easy,3 min.
https://origami-database.com/wp-content/uploads/DSC03165-export-900x900.jpg,Giant Squid,Cephalopod with two large and eight smaller tentacles and distinctive fin.,Intermediate,1 hr. 38 min.
https://origami-database.com/wp-content/uploads/DSC03161-export-900x900.jpg,Cuttlefish,"Three-dimentional cuttlefish with reverse-colored eye and underside, featuring eight tentacles.",Intermediate,40 min.
https://origami-database.com/wp-content/uploads/DSC03149-export-900x900.jpg,Axolotl,Amphibian with reverse-colored external gills.,Moderate,25 min.
https://origami-database.com/wp-content/uploads/DSC03153-export-900x900.jpg,Sphinx,Sitting lion-like creature with abstract face.,Intermediate,1 hr. 28 min.
https://origami-database.com/wp-content/uploads/DSC03147-export-900x900.jpg,Yin Yang Crane,"Traditional crane with one side of the model reverse-colored, with a dot on each wing in the inverted color.",Moderate,18 min.
https://origami-database.com/wp-content/uploads/DSC03157-export-900x900.jpg,Rowlet,Sitting owl-like Pokémon with round body.,Moderate,27 min.
https://origami-database.com/wp-content/uploads/DSC03143-export-900x900.jpg,Lambeosaurus,Quadrupedal dinosaur with distinctive cranial crest.,Intermediate,30 min.
https://origami-database.com/wp-content/uploads/DSC03151-export-2-900x900.jpg,Dog,"Sitting dog with reverse-colored front paws, breast and cheeks.",Moderate,22 min.
https://origami-database.com/wp-content/uploads/DSC03141-export-900x900.jpg,Tree Sunset,"Silhouette of tree trunk and branches, against a reverse-colored background with radial lines.",Moderate,28 min.
https://origami-database.com/wp-content/uploads/DSC03137-export-900x900.jpg,Mephistopheles,"Standing humanoid devil with horned head, large wings and forked tail.",Hard,3 hr. 29 min.
https://origami-database.com/wp-content/uploads/DSC03125-export-900x900.jpg,Frog,Amphibian with distinctive legs and hands and feet ending in three digits.,Intermediate,1 hr. 14 min.
https://origami-database.com/wp-content/uploads/DSC03133-export-900x900.jpg,Centaur,"Creature with muscled, reverse-colored upper body of a humanoid and lower body of a horse.",Intermediate,1 hr. 30 min.
https://origami-database.com/wp-content/uploads/DSC03122-export-900x900.jpg,Butterfly,Winged insect with six legs and short antennae.,Hard,45 min.
https://origami-database.com/wp-content/uploads/DSC03118-export-900x900.jpg,Wizard,"Humanoid figure with arms stretched, wearing a robe and pointy hat.",Hard,1 hr. 33 min.
https://origami-database.com/wp-content/uploads/DSC03115-export-900x900.jpg,Lean-To,Shelter with sloped roof and single opening.,Intermediate,26 min.
https://origami-database.com/wp-content/uploads/DSC03111-export-900x900.jpg,Narwhal,"Whale with long, curved reverse-colored thusk.",Moderate,26 min.
https://origami-database.com/wp-content/uploads/DSC03114-export-900x900.jpg,Lizard,Lizard with arms and legs with three digits.,Hard,1 hr. 24 min.
https://origami-database.com/wp-content/uploads/DSC03109-export-900x900.jpg,Cerberus,Three-headed dog with curved tail and thin legs.,Intermediate,43 min.
https://origami-database.com/wp-content/uploads/DSC03106-export-900x900.jpg,Piranha Fish,"Stylized, flat piranha fish.",Intermediate,17 min.
https://origami-database.com/wp-content/uploads/DSC03102-export-900x900.jpg,Fire breathing dragon,"Standing, bulky dragon with small wings that breaths fire from its maw.",Moderate,50 min.
https://origami-database.com/wp-content/uploads/DSC03107-export-900x900.jpg,You Are Always In My Heart,Hearth symbol within a reverse-colored heart symbol.,Moderate,14 min.
https://origami-database.com/wp-content/uploads/DSC03092-export-900x900.jpg,Scarecrow (Edward Bird-hands),Standing humanoid with birds for hands.,Intermediate,1 hr. 2 min.
https://origami-database.com/wp-content/uploads/DSC03099-export-900x900.jpg,Kitty,Sitting abstract cat model.,Moderate,11 min.
https://origami-database.com/wp-content/uploads/DSC03098-export-900x900.jpg,Crocodile,Reptile with reverse-colored teeth and eyes.,Intermediate,28 min.
https://origami-database.com/wp-content/uploads/DSC03091-export-900x900.jpg,Sailfish,"Model with long bill, large dorsal fin and reverse-colored underside.",Moderate,28 min.
https://origami-database.com/wp-content/uploads/DSC03094-export-900x900.jpg,Long Legged Crane,"Bird on spindly, reverse-colored legs.",Intermediate,24 min.
https://origami-database.com/wp-content/uploads/DSC03082-export-900x900.jpg,Tetrahedron,Triangular pyramid composed of four faces.,Moderate,7 min.
https://origami-database.com/wp-content/uploads/DSC03088-export-900x900.jpg,Diamond,Radial-shaped diamond with eight sides.,Moderate,14 min.
https://origami-database.com/wp-content/uploads/DSC03086-export-900x900.jpg,Cube,Six-faced model.,Moderate,6 min.
https://origami-database.com/wp-content/uploads/DSC03084-export-900x900.jpg,Hexahedron,Six-faced shape.,Moderate,8 min.
https://origami-database.com/wp-content/uploads/DSC03079-export-900x900.jpg,Pyramid,Square pyramid model.,Moderate,8 min.
https://origami-database.com/wp-content/uploads/DSC03076-export-900x900.jpg,Stegosaurus,Abstract dinosaur model with distinctive plates and tail.,Moderate,27 min.
https://origami-database.com/wp-content/uploads/DSC03065-export-900x900.jpg,Octahedron One,Eight-sided shape.,Moderate,10 min.
https://origami-database.com/wp-content/uploads/DSC03069-export-900x900.jpg,Octahedron Two,Asymmetrical eight-faced shape with indented bottom.,Intermediate,18 min.
https://origami-database.com/wp-content/uploads/DSC03063-export-1-900x900.jpg,DNA Wheel,Circular wheel-like model created by flattening a DNA-like structure.,Moderate,16 min.
https://origami-database.com/wp-content/uploads/DSC03061-export-900x900.jpg,Vel’Koz,Floating creature with single large eye and three tentacles.,Moderate,19 min.
https://origami-database.com/wp-content/uploads/DSC03073-export-900x900.jpg,Sunken Pyramid,Three-sided pyramid with sunken tip.,Moderate,8 min.
https://origami-database.com/wp-content/uploads/DSC03054-export-900x900.jpg,Helmet,Pointed Corinthian helmet with open backside.,Moderate,21 min.
https://origami-database.com/wp-content/uploads/DSC03190-export-900x900.jpg,Five-Banded Armadillo,Armadillo with large segmented shell and feet ending in three toes.,Intermediate,1 hr. 50 min.
https://origami-database.com/wp-content/uploads/DSC03056-export-900x900.jpg,Oriental Dragon,"Wingless, flying dragon with hollow body and pronounced head.",Intermediate,2 hr. 5 min.
https://origami-database.com/wp-content/uploads/DSC03049-export-900x900.jpg,Thanksgiving Turkey,Abstract roasted turkey with distinctive arms and legs.,Intermediate,10 min.
https://origami-database.com/wp-content/uploads/DSC03043-export-900x900.jpg,Beetle,Rhinoceros beetle with six segmented legs and distinctive horn.,Intermediate,47 min.
https://origami-database.com/wp-content/uploads/DSC03042-export-900x900.jpg,Demon,Standing demon with two small wings and cloven feet.,Intermediate,42 min.
https://origami-database.com/wp-content/uploads/DSC03034-export-900x900.jpg,Ouroboros,"Three-dimentional winged snake with large dragon-like wings, curved in a circle.",Intermediate,2 hr. 24 min.
https://origami-database.com/wp-content/uploads/DSC0297-export-900x900.jpg,Medusa,Woman with serpentine lower body and hair made of eight snakes.,Intermediate,2 hr. 48 min.
https://origami-database.com/wp-content/uploads/DSC02968-export-900x900.jpg,Sprout,Two leaves on a stem in a reverse-colored pot.,Intermediate,33 min.
https://origami-database.com/wp-content/uploads/DSC02963-export-900x900.jpg,Griffin,"Distinctive half-lion, half-eagle with claws with three digits.",Intermediate,1 hr. 5 min.
https://origami-database.com/wp-content/uploads/DSC02953-export-900x900.jpg,Christmas Angel,Abstract humanoid creature with wings and arms folded behind its back.,Easy,9 min.
https://origami-database.com/wp-content/uploads/DSC02954-export-900x900.jpg,Flying Serpent,"Winged snake with open mouth, long tail and two claws.",Intermediate,35 min.
https://origami-database.com/wp-content/uploads/DSC02936-export-900x900.jpg,Sagittarius,"Bulky, abstract centaur model.",Moderate,26 min.
https://origami-database.com/wp-content/uploads/DSC02943-export-900x900.jpg,Suit of Armor,"Standing armor with pauldrons, pointed helmet and distinctive knee pads.",Moderate,22 min.
https://origami-database.com/wp-content/uploads/DSC02945-export-900x900.jpg,Igor,Hunch-backed humanoid figure.,Moderate,14 min.
https://origami-database.com/wp-content/uploads/DSC02940-export-900x900.jpg,Bat,Abstract bat model with feet and distinctive ears.,Easy,11 min.
https://origami-database.com/wp-content/uploads/DSC02930-export-900x900.jpg,Ghost,Abstract ghost with reverse-colored eyes and mouth.,Moderate,10 min.
https://origami-database.com/wp-content/uploads/DSC02932-export-900x900.jpg,Pumpkin,Abstract pumpkin model with eight segments and a reverse-colored stem.,Moderate,10 min.
https://origami-database.com/wp-content/uploads/DSC02880-export-900x900.jpg,Crow,Bird model with four digits on each talon.,Intermediate,48 min.
https://origami-database.com/wp-content/uploads/DSC02875-export-900x900.jpg,Inchworm,Crawling catepillar model with curved body.,Moderate,26 min.
https://origami-database.com/wp-content/uploads/DSC02876-export-900x900.jpg,Mouse,Sitting mouse model.,Moderate,14 min.
https://origami-database.com/wp-content/uploads/DSC02878-export-900x900.jpg,Adirondack Chair,Chair with wide armrests and large backrest.,Moderate,21 min.
https://origami-database.com/wp-content/uploads/DSC02827-export-900x900.jpg,Cat,"Sitting cat with three-dimentional head and reverse-colored snout, legs and underside.",Intermediate,1 hr. 3 min.
https://origami-database.com/wp-content/uploads/DSC02779-export-900x900.jpg,Red Wyvern,Wyvern with a horned head and talons with three digits.,Intermediate,1 hr. 40 min.
https://origami-database.com/wp-content/uploads/DSC02664-export-900x900.jpg,Styracosaurus,Dinsoaur with six spikes on its neck frill and a single horn on its nose.,Intermediate,55 min.
https://origami-database.com/wp-content/uploads/DSC02663-export-900x900.jpg,Octopus,Abstract eight-legged bulbous octopus model.,Moderate,26 min.
https://origami-database.com/wp-content/uploads/DSC02658-export-900x900.jpg,Common Loon,"Aquatic bird model with reverse-colored lower sides, breast and neck.",Moderate,16 min.
https://origami-database.com/wp-content/uploads/DSC02661-export-900x900.jpg,Foxy fox,Standing fox model with reverse-colored tail and inner ears.,Moderate,24 min.
https://origami-database.com/wp-content/uploads/DSC02659-export-900x900.jpg,Elephant Seal,"Sitting male elephant seal with distinctive nose, leaning back.",Moderate,26 min.
https://origami-database.com/wp-content/uploads/DSC02662-export-900x900.jpg,Chicken,"Abstract chicken with reverse-colored comb, two independent wings and a single foot.",Easy,6 min.
https://origami-database.com/wp-content/uploads/DSC02616-export-900x745.jpg,Jumping Cricket,Cricket with four distinct legs and hind legs pressed against its body that can be made to jump.,Moderate,24 min.
https://origami-database.com/wp-content/uploads/DSC02652-export-900x900.jpg,Sailing Boat,Three-dimentional ship with two reverse-colored sails.,Moderate,18 min.
https://origami-database.com/wp-content/uploads/DSC02643-export-900x900.jpg,Treasure Chest,Rectangular trunk with curved lid.,Moderate,38 min.
https://origami-database.com/wp-content/uploads/DSC02649-export-900x900.jpg,Emperor penguin,Standing penguin with reverse-colored belly.,Moderate,19 min.
https://origami-database.com/wp-content/uploads/DSC02623-export-900x900.jpg,Fish skeleton,Abstract fish bone model with distinctive ribs.,Moderate,8 min.
https://origami-database.com/wp-content/uploads/DSC02630-export-900x900.jpg,Stegosaurus,"Standing dinosaur with large body, 8 plates on its back and a four-spiked thagomizer.",Intermediate,1 hr. 35 min.
https://origami-database.com/wp-content/uploads/DSC02655-export-900x900.jpg,Tapejara,Flying dinosaur with large wings and large crest on its head.,Intermediate,1 hr.
https://origami-database.com/wp-content/uploads/DSC02624-export-900x900.jpg,Snail chopstick rest,Simple snail model with eyestalks and coiled shell.,Easy,7 min.
https://origami-database.com/wp-content/uploads/DSC02620-export-900x900.jpg,Ankylosaurus,Standing ankylosaurus with distinctive spikes at its sides.,Intermediate,1 hr. 20 min.
https://origami-database.com/wp-content/uploads/DSC02612-export-900x900.jpg,Praying Mantis,"Insect standing on four legs, with two distinctive raptorial front legs.",Intermediate,48 min.
https://origami-database.com/wp-content/uploads/DSC02636-export-900x900.jpg,Dimetrodon,Quadruped model with reverse-colored sail and eyes.,Intermediate,1 hr. 35 min.
https://origami-database.com/wp-content/uploads/DSC02634-export-900x900.jpg,The Shadow of Dragon,Nearly flat dragon shape on a reverse-colored diamond.,Intermediate,53 min.
https://origami-database.com/wp-content/uploads/DSC02602-export-900x900.jpg,Goat,Standing goat with distinctive eyes and two horns.,Intermediate,47 min.
https://origami-database.com/wp-content/uploads/DSC02639-export-900x900.jpg,Winged Sonobe (icosahedron),"Modular, winged polyhedron model folded from 30 sheets.",Intermediate,2 hr. 4 min.
https://origami-database.com/wp-content/uploads/DSC02610-export-900x900.jpg,Winged Sonobe (star tetrahedron),Stellated octahedron model made from winged Sonobe modules.,Intermediate,1 hr.
https://origami-database.com/wp-content/uploads/DSC02605-export-900x900.jpg,Fox 2015,Standing fox with distinctive face and reverse-colored tail tip.,Intermediate,38 min.
https://origami-database.com/wp-content/uploads/DSC02603-export-900x900.jpg,Rooster,"Rooster with reverse-colored wattle, comb and legs.",Intermediate,45 min.
https://origami-database.com/wp-content/uploads/DSC02591-export-900x900.jpg,Bactrian Camel,Abstract standing camel model with two humps.,Intermediate,35 min.
https://origami-database.com/wp-content/uploads/DSC02597-export-900x900.jpg,Flying squirrel,"Nearly flat squirrel model, with a head that features a nose, ears and eyes.",Intermediate,52 min.
https://origami-database.com/wp-content/uploads/DSC02588-export-900x900.jpg,Tulip and Stem,Four-petalled flower with large stigma on a stem with a single leaf.,Moderate,8 min.
https://origami-database.com/wp-content/uploads/DSC02580-export-900x900.jpg,Penguin,Traditional penguin model with single foot.,Easy,7 min.
https://origami-database.com/wp-content/uploads/DSC02584-export-900x900.jpg,Masu box and Insert,Square container with four separate compartments.,Moderate,15 min.
https://origami-database.com/wp-content/uploads/DSC02572-export-900x900.jpg,Ship,Hollow boat model with two decks.,Moderate,16 min.
https://origami-database.com/wp-content/uploads/DSC02586-export-900x900.jpg,Fancy Goldfish,Simple fish model with hanging tail fin.,Easy,7 min.
https://origami-database.com/wp-content/uploads/DSC02578-export-900x900.jpg,Seal,Traditional abstract seal model with two front flippers.,Easy,5 min.
https://origami-database.com/wp-content/uploads/DSC02570-export-900x900.jpg,Bride,Boxy bride with long veil.,Moderate,23 min.
https://origami-database.com/wp-content/uploads/DSC02567-export-900x900.jpg,Groom,Boxy groom with spikey hair and reverse-colored face and undershirt.,Moderate,21 min.
https://origami-database.com/wp-content/uploads/DSC02557-export-900x900.jpg,Dress ver.1,Flat dress model with wide skirt.,Moderate,11 min.
https://origami-database.com/wp-content/uploads/DSC02554-export-900x900.jpg,Bicycle,Bicycle with distinctive frame and reverse-colored wheels.,Hard,3 hr. 5 min.
https://origami-database.com/wp-content/uploads/DSC02549-export-900x900.jpg,Human Figure,Standing humanoid figure with reverse-colored face.,Moderate,14 min.
https://origami-database.com/wp-content/uploads/DSC02520-export-900x900.jpg,Frying Pan,Square skillet model.,Moderate,8 min.
https://origami-database.com/wp-content/uploads/DSC02523-export-900x900.jpg,Ornament,Ornament made from six sheets.,Moderate,10 min.
https://origami-database.com/wp-content/uploads/DSC02504-export-900x900.jpg,Leaf & snail,Reverse-colored snail on a leaf from a single sheet.,Moderate,15 min.
https://origami-database.com/wp-content/uploads/DSC02503-export-900x900.jpg,Troll,Bulky creature with large arms.,Moderate,11 min.
https://origami-database.com/wp-content/uploads/DSC02509-export-900x900.jpg,Flower with stem,Simple plant stem with reverse-colored flower and two leaves.,Moderate,9 min.
https://origami-database.com/wp-content/uploads/DSC02511-export-900x900.jpg,Waterbomb,"A simple, three-dimentional box.",Easy,6 min.
https://origami-database.com/wp-content/uploads/DSC02515-export-900x900.jpg,Camel,Standing dromedary model with reverse-colored eye.,Intermediate,55 min.
https://origami-database.com/wp-content/uploads/DSC02496-export-900x900.jpg,Unicorn,"Rearing unicorn with reverse-colored horn, mane and tail.",Intermediate,50 min.
https://origami-database.com/wp-content/uploads/DSC02497-export2-900x900.jpg,Old man,Humanoid creature with large claws and a reverse-colored crane on its chest.,Intermediate,1 hr. 4 min.
https://origami-database.com/wp-content/uploads/DSC02479-export-900x900.jpg,Sailboat,Abstract boat with two reverse-colored sails.,Easy,3 min.
https://origami-database.com/wp-content/uploads/DSC02967-export-900x900.jpg,Dinosaur,Standing dinosaur with claws and reverse-colored underside and jaw.,Complex,2 hr. 30 min.
https://origami-database.com/wp-content/uploads/DSC02481-export-900x900.jpg,Dinosaur,Simple bipedal dinosaur model.,Moderate,5 min.
https://origami-database.com/wp-content/uploads/DSC02469-export-900x900.jpg,Ponyta,Fiery horse Pokémon model with reverse-colored mane and tail.,Intermediate,37 min.
https://origami-database.com/wp-content/uploads/DSC02454-export-900x900.jpg,Vulpix,Standing six-tailed fox with distinctive curls on its head.,Intermediate,46 min.
https://origami-database.com/wp-content/uploads/DSC02463-export-900x900.jpg,Zapdos,Lightning bird with reverse-colored beak.,Intermediate,52 min.
https://origami-database.com/wp-content/uploads/DSC02473-export-900x900.jpg,Firebender,Model of a kneeling humanoid figure creating flames.,Moderate,15 min.
https://origami-database.com/wp-content/uploads/DSC02467-export-900x900.jpg,Crested Kingfisher,Bird with crest on its head and reverse-colored breast.,Moderate,17 min.
https://origami-database.com/wp-content/uploads/DSC02488-export-900x900.jpg,Crow,Standing crow with four digits on each talon.,Hard,1 hr. 50 min.
https://origami-database.com/wp-content/uploads/DSC02459-export-900x900.jpg,Tent,Tent with open flaps on the front.,Easy,8 min.
https://origami-database.com/wp-content/uploads/DSC02460-export-900x900.jpg,Monkey,Sitting monkey with reverse-colored face.,Intermediate,20 min.
https://origami-database.com/wp-content/uploads/DSC02278-export-900x900.jpg,Shark,Shark model with open mouth.,Moderate,12 min.
https://origami-database.com/wp-content/uploads/DSC02268-export-900x900.jpg,Turtle,Abstract turtle model.,Moderate,6 min.
https://origami-database.com/wp-content/uploads/DSC02471-export2-900x900.jpg,Spinosaurus,Dinosaur model with large sail and open mouth.,Intermediate,17 min.
https://origami-database.com/wp-content/uploads/DSC02265-export-900x900.jpg,Dolphin,Simple asymmetric dolphin model.,Easy,7 min.
https://origami-database.com/wp-content/uploads/DSC02261-export-900x900.jpg,Frog,"Boxy, three-dimentional frog model.",Moderate,22 min.
https://origami-database.com/wp-content/uploads/DSC02264-export-900x900.jpg,Whale,"Simple, abstract long whale model.",Easy,4 min.
https://origami-database.com/wp-content/uploads/DSC02275-export-900x900.jpg,Gorilla,Ape model with distinctive pose.,Moderate,11 min.
https://origami-database.com/wp-content/uploads/DSC02253-export-900x900.jpg,Archaeopteryx,Bird-like dinosaur model with open beak and pronounced eye.,Moderate,13 min.
https://origami-database.com/wp-content/uploads/DSC02277-export-900x900.jpg,Elephant,Abstract elephant model without thusks.,Moderate,8 min.
https://origami-database.com/wp-content/uploads/DSC02242-export-900x900.jpg,Mr.Poo,Stylized pile of feces with eyes and mouth.,Easy,9 min.
https://origami-database.com/wp-content/uploads/DSC02267-export-900x900.jpg,Penguin,Simple penguin model with reverse-colored front.,Easy,3 min.
https://origami-database.com/wp-content/uploads/DSC02248-export-900x900.jpg,Snake,Flat snake model with reverse-colored eyes and tongue.,Intermediate,25 min.
https://origami-database.com/wp-content/uploads/DSC02274-export-900x900.jpg,Bison,Bovine model with forward-leaning pose.,Moderate,10 min.
https://origami-database.com/wp-content/uploads/DSC02244-export-900x900.jpg,Whale,Blocky whale model.,Moderate,15 min.
https://origami-database.com/wp-content/uploads/DSC02287-export-900x900.jpg,Anglerfish,Anglerfish model with large mouth that can be animated.,Moderate,26 min.
https://origami-database.com/wp-content/uploads/DSC02290-export-900x900.jpg,Bellsprout,Plant Pokémon with reverse colored leaves and lips.,Intermediate,27 min.
https://origami-database.com/wp-content/uploads/DSC02436-export-900x900.jpg,Mount Fuji,Volcano with reverse-colored peak.,Easy,12 min.
https://origami-database.com/wp-content/uploads/DSC02439-export-900x900.jpg,Dragon,"Standing dragon with long, straight neck.",Intermediate,26 min.
https://origami-database.com/wp-content/uploads/DSC02450-export-900x900.jpg,Cattle,"Cow with distinctive head and reverse-colored head, tail and underside.",Moderate,32 min.
https://origami-database.com/wp-content/uploads/DSC02447-export-900x900.jpg,Vaporeon,Pokémon model with long fish-like tail and reverse-colored fin around its neck.,Moderate,40 min.
https://origami-database.com/wp-content/uploads/DSC02453-export-900x900.jpg,Jolteon,Pokémon model with spikey tail and reverse-colored ruff.,Moderate,44 min.
https://origami-database.com/wp-content/uploads/DSC02444-export-900x900.jpg,Flareon,Quadrupedal Pokémon model with flaming tail and head.,Moderate,36 min.
https://origami-database.com/wp-content/uploads/DSC02438-export-900x900.jpg,Crested Kingfisher,Bird model with large break and crest on its head.,Moderate,37 min.
https://origami-database.com/wp-content/uploads/DSC02433-export-900x900.jpg,Goose,Standing goose model with reverse-colored legs and beak.,Intermediate,36 min.
https://origami-database.com/wp-content/uploads/DSC02247-export-900x900.jpg,Fox 2017,Abstract fox model with large tail.,Moderate,11 min.
https://origami-database.com/wp-content/uploads/DSC02281-export-900x900.jpg,Frilled Lizard,Standing lizard with large frill around its neck.,Intermediate,40 min.
https://origami-database.com/wp-content/uploads/DSC02250-export-900x900.jpg,Mole,Front end of a mole with three-digit claws.,Moderate,9 min.
https://origami-database.com/wp-content/uploads/DSC02280-export-900x900.jpg,Polar Bear,Abstract polar bear model with distinct ears.,Moderate,9 min.
https://origami-database.com/wp-content/uploads/DSC02254-export-900x900.jpg,Mermaid,"Flat abstract mermaid model with reverse-colored head, body and arms.",Moderate,25 min.
https://origami-database.com/wp-content/uploads/DSC02252-export-900x900.jpg,Chick,Stylized bird chick with wings.,Easy,6 min.
https://origami-database.com/wp-content/uploads/DSC02234-export-900x900.jpg,Western Dragon,Quadrupal dragon with curved tail and horned head.,Intermediate,48 min.
https://origami-database.com/wp-content/uploads/DSC02251-export-900x900.jpg,Kiwi,Standing kiwi bird with reverse-colored beak and feet.,Moderate,20 min.
https://origami-database.com/wp-content/uploads/DSC02233-export-900x900.jpg,Wyvern,Wyvern model with horned head.,Intermediate,43 min.
https://origami-database.com/wp-content/uploads/DSC02236-export-900x900.jpg,Three-headed Dragon,Three-headed bipedal dragon with horned heads and two claws.,Intermediate,1 hr. 35 min.
https://origami-database.com/wp-content/uploads/DSC02231-export-900x900.jpg,A Butterfly for Mr. Makoto Yamaguchi,Butterfly with reverse-colored body and wing details.,Moderate,22 min.
https://origami-database.com/wp-content/uploads/DSC02229-export-900x900.jpg,Cerberus,Standing three-headed dog model.,Intermediate,43 min.
https://origami-database.com/wp-content/uploads/DSC02225-export-900x900.jpg,Griffin,"Griffin model pronounced beak, ears and wings.",Intermediate,50 min.
https://origami-database.com/wp-content/uploads/DSC02226-export-900x900.jpg,Pegasus,Winged horse model with one-sided mane.,Intermediate,50 min.
https://origami-database.com/wp-content/uploads/DSC02223-export2-900x900.jpg,Bride,Female figure in long wedding dress with veil.,Intermediate,47 min.
https://origami-database.com/wp-content/uploads/DSC02221-export-900x900.jpg,Groom,Humanoid figure in suit.,Moderate,40 min.
https://origami-database.com/wp-content/uploads/DSC02215-export-900x900.jpg,Unicorn,"Standing unicorn with long, twisted horn.",Intermediate,46 min.
https://origami-database.com/wp-content/uploads/DSC02216-export-900x900.jpg,Snapping turtle,3D turtle model with segmented shell and claws with five digits.,Intermediate,1 hr. 50 min.
https://origami-database.com/wp-content/uploads/DSC02185-export-900x900.jpg,Rooster,Standing rooster model.,Intermediate,35 min.
https://origami-database.com/wp-content/uploads/DSC02183-export-900x900.jpg,Ram,Standing ram model with distinctive horns and beard.,Intermediate,32 min.
https://origami-database.com/wp-content/uploads/DSC02182-export-900x900.jpg,Dog,Standing dog model with hanging ears.,Moderate,31 min.
https://origami-database.com/wp-content/uploads/DSC02178-export-900x900.jpg,Monkey,Monkey standing on its hind legs with curled tail and distinctive face.,Intermediate,39 min.
https://origami-database.com/wp-content/uploads/DSC02187-export-900x900.jpg,Sea Serpent,Long-tailed serpent with wings and horned head.,Moderate,29 min.
https://origami-database.com/wp-content/uploads/DSC02101-export-900x900.jpg,Horse,Horse model with mane on one side.,Moderate,28 min.
https://origami-database.com/wp-content/uploads/DSC02103-export-900x900.jpg,Boar,"Model with distinctive body shape, tail, tusks and snout.",Moderate,30 min.
https://origami-database.com/wp-content/uploads/DSC02111-export-900x900.jpg,Pegasus,"Detailed pegasus model with reverse-colored wing sides, mane and eyes.",Hard,2 hr. 35 min.
https://origami-database.com/wp-content/uploads/DSC01808-export-900x900.jpg,Winged Sonobe (cube),Modular origami cube made from six sheets.,Moderate,23 min.
https://origami-database.com/wp-content/uploads/DSC02106-export-900x900.jpg,Metapod,Cocooned insect from the Pokémon franchise.,Moderate,17 min.
https://origami-database.com/wp-content/uploads/DSC01989-export-900x900.jpg,Eagle,Abstract eagle model with distinctive beak.,Moderate,10 min.
https://origami-database.com/wp-content/uploads/DSC01988-export-900x900.jpg,Parasaurolophus,Quadruped dinosaur model with large body.,Moderate,27 min.
https://origami-database.com/wp-content/uploads/DSC01985-export-900x900.jpg,Centaur,Centaur model with a humanoid head and torso and the body of a horse.,Intermediate,27 min.
https://origami-database.com/wp-content/uploads/DSC01986-export-900x900.jpg,American Turkey,Bird model with reverse-colored elements and detailed tail feathers.,Hard,1 hr. 45 min.
https://origami-database.com/wp-content/uploads/DSC01980-export-900x900.jpg,Chimera,"Winged mythological creature with the heads of a snake, lion and goat.",Intermediate,1 hr. 15 min.
https://origami-database.com/wp-content/uploads/DSC01979-export-900x900.jpg,Snake,Snake model with reverse-colored eye.,Moderate,16 min.
https://origami-database.com/wp-content/uploads/DSC01899-export-900x900.jpg,Dilophosaurus 1.8,"Standing dinosaur model with open mouth, large reverse-colored neck frill and claws and feet with three digits.",Hard,3 hr. 15 min.
https://origami-database.com/wp-content/uploads/DSC01894-export-900x900.jpg,Horse,Horse model with mane and ears.,Moderate,31 min.
https://origami-database.com/wp-content/uploads/DSC01897-export-900x900.jpg,Pelican,Standing pelican model with open beak.,Moderate,15 min.
https://origami-database.com/wp-content/uploads/DSC01885-export-900x900.jpg,Fortune teller,Model used in games to tell the player’s fortune by choosing colors or numbers written on the different flaps.,Easy,4 min.
https://origami-database.com/wp-content/uploads/DSC01888-export-900x900.jpg,Seated Lady,Abstract figure of a person with hood sitting in a rocking chair.,Moderate,21 min.
https://origami-database.com/wp-content/uploads/DSC01892-export-900x900.jpg,Brachiosaurus,Quadruped dinosaur model with long neck and distinctive head shape.,Moderate,18 min.
https://origami-database.com/wp-content/uploads/DSC01883-export-900x900.jpg,Mountain & Volcano,Conical origami model that can be modified to represent a vulcano.,Easy,6 min.
https://origami-database.com/wp-content/uploads/DSC01884-export-900x900.jpg,Cracked dinosaur egg,Model of a cracked-open dinosaur egg.,Easy,5 min.
https://origami-database.com/wp-content/uploads/DSC01889-export-900x900.jpg,Ward,The default vision ward from the League of Legends video game.,Intermediate,33 min.
https://origami-database.com/wp-content/uploads/DSC01852-export-900x900.jpg,Gryposaurus,Standing dinosaur with distinctive nose.,Moderate,21 min.
https://origami-database.com/wp-content/uploads/DSC01850-export-900x900.jpg,Iguandon,Bipedal dinosaur with spike-like thumbs and toes with three digits.,Intermediate,50 min.
https://origami-database.com/wp-content/uploads/DSC01846-export-900x900.jpg,Triceratops,Dinosaur model with crest and large horns on its head.,Hard,59 min.
https://origami-database.com/wp-content/uploads/DSC01849-export-900x900.jpg,Styracosaurus,Quadruped dinosaur with six spikes extending from its neck frill and a single large horn on its nose.,Hard,59 min.
https://origami-database.com/wp-content/uploads/DSC01845-export-900x900.jpg,Prehistoric tree,Abstract tree with two branches.,Easy,5 min.
https://origami-database.com/wp-content/uploads/DSC01840-export-900x900.jpg,Hadrosaurus,Bipedal dinosaur with feet with three digits and sharp claws.,Intermediate,52 min.
https://origami-database.com/wp-content/uploads/DSC01825-export-900x900.jpg,Stegosaurus,"Quadruped dinosaur with reverse-colored eye, four tail spikes and 8 plates on its back.",Hard,1 hr. 33 min.
https://origami-database.com/wp-content/uploads/DSC01835-export-900x900.jpg,Tenontosaurus,"Dinosaur model with open mouth, standing on four legs.",Intermediate,24 min.
https://origami-database.com/wp-content/uploads/DSC01832-export2-900x900.jpg,Struthiomimus,Bipedal dinosaur model with long neck and pointy head.,Intermediate,29 min.
https://origami-database.com/wp-content/uploads/DSC01831-export-900x900.jpg,Parasaurolophus,"Dinosaur model standing on two legs, with a large cranial crest.",Moderate,23 min.
https://origami-database.com/wp-content/uploads/DSC01837-export-900x900.jpg,Sphaerotholus,Bipedal dinosaur with domed head.,Intermediate,24 min.
https://origami-database.com/wp-content/uploads/DSC01804-export-900x900.jpg,Coelophysis,Spindly bipedal dinosaur model with very long neck and open mouth.,Moderate,29 min.
https://origami-database.com/wp-content/uploads/DSC01807-export-900x900.jpg,Compsognathus,Dinosaur model with open mouth and long legs and neck.,Moderate,31 min.
https://origami-database.com/wp-content/uploads/DSC01838-export-900x900.jpg,Protoceratops,Four-legged dinosaur model with large neck frill.,Moderate,28 min.
https://origami-database.com/wp-content/uploads/DSC01810-export-900x900.jpg,Snowman,"Snowman with reverse-colored hat, eyes, nose, scarf and arms.",Intermediate,50 min.
https://origami-database.com/wp-content/uploads/DSC01795-export-900x900.jpg,Standing fan,"A simple, standing fan that can be folded from a napkin.",Easy,3 min.
https://origami-database.com/wp-content/uploads/DSC01797-export-900x900.jpg,Masu box,Simple square box with open top.,Easy,5 min.
https://origami-database.com/wp-content/uploads/DSC01798-export-900x900.jpg,Puffy star,3D star with five points.,Easy,3 min.
https://origami-database.com/wp-content/uploads/DSC01799-export-900x900.jpg,Star box masu,"Square box with a lid, with a star-shaped symbol.",Easy,14 min.
https://origami-database.com/wp-content/uploads/DSC01789-export-900x900.jpg,Orb Weaver,Eight-legged spider with spherical abdomen.,Hard,1 hr. 40 min.
https://origami-database.com/wp-content/uploads/DSC01776-export-900x900.jpg,Chunky Whale,Blocky origami whale model with reverse-colored ventral pleats.,Moderate,16 min.
https://origami-database.com/wp-content/uploads/DSC01788-export-900x900.jpg,Seahorse,Seahorse model with segmented tail.,Easy,12 min.
https://origami-database.com/wp-content/uploads/DSC01784-export-2-900x900.jpg,Cup,Simple cup with reverse-colored inside.,Easy,2 min.
https://origami-database.com/wp-content/uploads/DSC01780-export-900x900.jpg,Origami Austria Swan,Abstract bird model with reverse-colored head and wings.,Easy,4 min.
https://origami-database.com/wp-content/uploads/DSC01772-export2-900x900.jpg,Ox,Bovine model with reverse-colored horns.,Intermediate,31 min.
https://origami-database.com/wp-content/uploads/DSC01771-export-900x900.jpg,Chinese Dragon,Long dragon model with open mouth and horned head.,Intermediate,35 min.
https://origami-database.com/wp-content/uploads/DSC01774-export-900x900.jpg,Menko,Square card for playing Menko.,Moderate,7 min.
https://origami-database.com/wp-content/uploads/DSC01760-export-900x900.jpg,Rat,Standing rat model.,Intermediate,21 min.
https://origami-database.com/wp-content/uploads/DSC01782-export-900x900.jpg,Fox,Simple origami fox with reverse-colored breast.,Easy,4 min.
https://origami-database.com/wp-content/uploads/DSC01764-export-900x900.jpg,Tiger,Standing tiger with recognizable head.,Moderate,23 min.
https://origami-database.com/wp-content/uploads/DSC01763-export-900x900.jpg,Rabbit,Standing rabbit model with pronounced head and ears.,Moderate,24 min.
https://origami-database.com/wp-content/uploads/DSC01758-export-900x900.jpg,Club,The diamonds playing card suit.,Intermediate,17 min.
https://origami-database.com/wp-content/uploads/DSC01757-export-900x900.jpg,Heart,The hearts playing card suit.,Moderate,10 min.
https://origami-database.com/wp-content/uploads/DSC01755-export-900x900.jpg,Spade,The spades playing card suit.,Moderate,8 min.
https://origami-database.com/wp-content/uploads/DSC01756-export-900x900.jpg,Diamond,The diamonds playing card suit.,Moderate,5 min.
https://origami-database.com/wp-content/uploads/DSC01748-export-900x900.jpg,Deep Sea Angler Fish,"Anglerfish model with reverse-colored eyes, teeth, esca, and beard.",Hard,58 min.
https://origami-database.com/wp-content/uploads/DSC01734-export-900x900.jpg,Chameleon,Chameleon with open mouth and reverse-colored eyes.,Moderate,26 min.
https://origami-database.com/wp-content/uploads/DSC01729-export-900x900.jpg,Eastern Dragon,Long standing quadruped dragon with no wings.,Intermediate,37 min.
https://origami-database.com/wp-content/uploads/DSC01712-export-900x900.jpg,Waterbender,Model of a kneeling humanoid figure creating water.,Moderate,15 min.
https://origami-database.com/wp-content/uploads/DSC01753-export-900x900.jpg,Senbazuru (square),"A pattern of crane models, joined together by head, tail and wings.",Intermediate,1 hr. 36 min.
https://origami-database.com/wp-content/uploads/DSC01740-export-900x900.jpg,Lop-eared rabbit,Abstract sitting rabbit with pronounced ears and tail.,Moderate,9 min.
https://origami-database.com/wp-content/uploads/DSC01737-export-900x900.jpg,Lily,Traditional origami lily with four petals and stamen.,Moderate,10 min.
https://origami-database.com/wp-content/uploads/DSC01747-export-900x900.jpg,Crested bird,Abstract bird model with crested head.,Moderate,14 min.
https://origami-database.com/wp-content/uploads/DSC01745-export-900x900.jpg,Frame,A picture frame to put a photo in.,Moderate,18 min.
https://origami-database.com/wp-content/uploads/DSC01766-export-900x900.jpg,Frog,Traditional origami frog model.,Moderate,14 min.
https://origami-database.com/wp-content/uploads/DSC01702-export-900x900.jpg,Girl Figure,Standing female figure with hood and long skirt.,Intermediate,42 min.
https://origami-database.com/wp-content/uploads/DSC01727-export-900x900.jpg,Penguin,Standing 3D penguin with hollow body.,Moderate,20 min.
https://origami-database.com/wp-content/uploads/DSC01735-export-900x900.jpg,Senbazuru (line),Renzuru model of a line of cranes joined tail to wing and wing to head.,Intermediate,25 min.
https://origami-database.com/wp-content/uploads/DSC01724-export-900x900.jpg,Hokkido Squirrel,Sitting squirrel model with reverse-colored belly.,Intermediate,28 min.
https://origami-database.com/wp-content/uploads/DSC01722-export-900x900.jpg,Unicorn,"Abstract flat horned horse with reverse-colored horn, manes, tail and hooves.",Moderate,27 min.
https://origami-database.com/wp-content/uploads/DSC01619-export-900x900.jpg,Speedboat,Boat model with windshield and two rear fins.,Intermediate,10 min.
https://origami-database.com/wp-content/uploads/DSC01635-export-900x900.jpg,Dratini,Model of the serpentine Pokémon Dratini with fins on the side of its head.,Intermediate,31 min.
https://origami-database.com/wp-content/uploads/DSC01637-export-900x900.jpg,Little toad,Toad model with reverse-colored eyes and underside.,Moderate,19 min.
https://origami-database.com/wp-content/uploads/DSC01638-export2-900x900.jpg,Cat,Simple abstract sitting cat model.,Moderate,8 min.
https://origami-database.com/wp-content/uploads/DSC01618-export-900x900.jpg,Fox mask,Fox hand puppet head that can be animated.,Moderate,4 min.
https://origami-database.com/wp-content/uploads/DSC01614-export-900x900.jpg,Nargacuga,Wyvern model from the Monster Hunter series.,Intermediate,1 hr. 10 min.
https://origami-database.com/wp-content/uploads/DSC01588-export-900x900.jpg,Allosaurus,Bipedal dinosaur model with open mouth.,Moderate,21 min.
https://origami-database.com/wp-content/uploads/DSC01597-export-900x900.jpg,Senbazuru (kissing cranes),Renzuru model of four cranes joined by head.,Moderate,16 min.
https://origami-database.com/wp-content/uploads/DSC01590-export-900x900.jpg,Senbazuru (conjoined),Renzuru model of two cranes joined by wing.,Moderate,9 min.
https://origami-database.com/wp-content/uploads/DSC01593-export-900x900.jpg,Puppet,Finger puppet of a cat or a pig.,Easy,3 min.
https://origami-database.com/wp-content/uploads/DSC01586-export-900x900.jpg,Tyrannosaurus,Bipedal standing dinosaur model with characteristic short arms and open mouth.,Moderate,23 min.
https://origami-database.com/wp-content/uploads/DSC01595-export-900x900.jpg,Flapping bird,The flapping variant of the traditional origami crane.,Moderate,4 min.
https://origami-database.com/wp-content/uploads/DSC01603-export-900x900.jpg,Little frog,Round frog model with reverse-colored eyes and underside.,Moderate,14 min.
https://origami-database.com/wp-content/uploads/DSC01582-export-900x900.jpg,Darkness Dragon 2.0,"Quadruped dragon model with segmented tail, talons with three digits and large horns on its head.",Hard,2 hr. 40 min.
https://origami-database.com/wp-content/uploads/DSC01573-export-900x900.jpg,Lizard,"Plain, standing lizard model.",Moderate,20 min.
https://origami-database.com/wp-content/uploads/DSC01575-export-900x900.jpg,Spinosaurus,Standing dinosaur with large sail on its back.,Moderate,21 min.
https://origami-database.com/wp-content/uploads/DSC01569-export-900x900.jpg,Knight on horseback,Humanoid figure with lance and shield on top of a horse.,Intermediate,25 min.
https://origami-database.com/wp-content/uploads/DSC01529-export-900x900.jpg,Frog,Frog with long hind legs and open mouth.,Moderate,17 min.
https://origami-database.com/wp-content/uploads/DSC01543-export-900x900.jpg,Treehopper,Standing bug model with detailed legs and large pronotum.,Intermediate,53 min.
https://origami-database.com/wp-content/uploads/DSC01546-export-900x900.jpg,Crane,Detailed crane model with talons featuring four digits.,Hard,1 hr. 25 min.
https://origami-database.com/wp-content/uploads/DSC01532-export-900x900.jpg,Barracuda,Long fish model with distinctive head and fins.,Intermediate,58 min.
https://origami-database.com/wp-content/uploads/DSC01542-export-900x900.jpg,Spotted Ladybug,A pretty beetle model with reverse-colored head and spots.,Hard,1 hr. 20 min.
https://origami-database.com/wp-content/uploads/DSC01527-export-900x900.jpg,Froglet,"Froglet with arms, feet and tail.",Intermediate,26 min.
https://origami-database.com/wp-content/uploads/DSC01535-export-900x900.jpg,Perch,Fish model with characteristic fins.,Intermediate,23 min.
https://origami-database.com/wp-content/uploads/DSC01525-export-900x900.jpg,Tadpole with Hind Legs,Stylized tadpole model with legs.,Easy,5 min.
https://origami-database.com/wp-content/uploads/DSC01523-export-900x900.jpg,Tadpole,"Simple, stylized tadpole without legs.",Easy,4 min.
https://origami-database.com/wp-content/uploads/DSC01455-export-900x900.jpg,Tiger,Abstract standing tiger model.,Moderate,11 min.
https://origami-database.com/wp-content/uploads/DSC01458-export-900x900.jpg,Dimetrodon,Prehistoric creature with large sail on its back.,Intermediate,35 min.
https://origami-database.com/wp-content/uploads/DSC01378-export-900x900.jpg,Sea crab,Standing crab model with eight legs and two pincers.,Moderate,30 min.
https://origami-database.com/wp-content/uploads/DSC01384-export-900x900.jpg,Beaver,Standing beaver model with reverse-colored teeth.,Moderate,14 min.
https://origami-database.com/wp-content/uploads/DSC01387-export-900x900.jpg,Drinking bird,Stylized basin of water and bird that takes a sip when animated.,Moderate,5 min.
https://origami-database.com/wp-content/uploads/DSC01382_export-900x900.jpg,Rose of Roses,Rose model with twist-fold base.,Moderate,14 min.
https://origami-database.com/wp-content/uploads/DSC01394-export-900x900.jpg,Fiery Dragon ver.2,Dragon model with a tail ending in three points and talons with three digits.,Hard,1 hr. 55 min.
https://origami-database.com/wp-content/uploads/DSC01375-export-900x900.jpg,Frog,A 3D frog with three-toed feet and reverse-colored throat.,Moderate,30 min.
https://origami-database.com/wp-content/uploads/DSC01370-export-900x900.jpg,Snake,Stylized snake model with reverse-colored eyes and chin.,Easy,8 min.
https://origami-database.com/wp-content/uploads/DSC01366-export-900x900.jpg,Fiery Dragon,"Long dragon with open mouth, horned head and segmented tail and neck.",Hard,1 hr. 13 min.
https://origami-database.com/wp-content/uploads/DSC01377-export-900x900.jpg,Nils on Mårten Goose 1,Stylized model of a person sitting on top of a goose.,Moderate,7 min.
https://origami-database.com/wp-content/uploads/DSC01317-export-900x900.jpg,Apatosaurus,Dinosaur model with sturdy legs and large body.,Moderate,18 min.
https://origami-database.com/wp-content/uploads/DSC01314-export-900x900.jpg,Riojasaurus,Herbivorous dinosaur model with heavy body.,Moderate,22 min.
https://origami-database.com/wp-content/uploads/DSC01313-export-900x900.jpg,Tanystropheus,Long-necked prehistoric dinosaur model.,Moderate,21 min.
https://origami-database.com/wp-content/uploads/DSC01304-export-900x900.jpg,Rhamphorynchus,"A model with long, arrow-shaped tail and large beak.",Intermediate,27 min.
https://origami-database.com/wp-content/uploads/DSC01307-export-900x900.jpg,Pterodactyl,Flying dinosaur model with pronounced cranial crest and two legs.,Intermediate,19 min.
https://origami-database.com/wp-content/uploads/DSC01302-export-900x900.jpg,Elasmosaurus,Aquatic dinosaur model with long neck.,Moderate,15 min.
https://origami-database.com/wp-content/uploads/DSC01296-export-900x900.jpg,Tato,A 8-sided coin purse or octagonal envelope.,Moderate,9 min.
https://origami-database.com/wp-content/uploads/DSC01285-export-900x900.jpg,Windmill,Windmill model with alternating sail colors.,Easy,3 min.
https://origami-database.com/wp-content/uploads/DSC01295-export-900x900.jpg,Pterodactylus,Flying dinosaur model with reverse-colored eyes.,Moderate,24 min.
https://origami-database.com/wp-content/uploads/DSC01287-export-900x900.jpg,Pteranodon,Flying dinosaur with a distinctive cranial crest.,Intermediate,25 min.
https://origami-database.com/wp-content/uploads/DSC01269-export-900x900.jpg,Hermit crab,"This model has pronounced eyes, four legs and two claws.",Moderate,19 min.
https://origami-database.com/wp-content/uploads/DSC01276-export-900x900.jpg,Kimono,One-sided kimono model.,Easy,4 min.
https://origami-database.com/wp-content/uploads/DSC01279-export-900x798.jpg,Water lily,Four-petalled single-colored water lily.,Easy,5 min.
https://origami-database.com/wp-content/uploads/DSC01262-export-900x900.jpg,Triceratops,Standing model with two pronounced horns.,Intermediate,36 min.
https://origami-database.com/wp-content/uploads/DSC01267-export-900x900.jpg,Orca (Killer Whale),One-sided model with reverse colored belly.,Moderate,16 min.
https://origami-database.com/wp-content/uploads/DSC01256-export-900x900.jpg,Kissing fish,The lips of this fish move when the model is squeezed.,Moderate,10 min.
https://origami-database.com/wp-content/uploads/DSC01250-export-900x900.jpg,Labrador,A standing dog model.,Intermediate,41 min.
https://origami-database.com/wp-content/uploads/DSC01244-export-900x900.jpg,Stand,Origami stand that can be used to display models on.,Moderate,15 min.
https://origami-database.com/wp-content/uploads/DSC01222-export-900x900.jpg,Turtle,Turtle with a four-segmented shell.,Moderate,13 min.
https://origami-database.com/wp-content/uploads/DSC01238-export-900x900.jpg,Wasp,Standing six-legged 3D model with segmented abdomen.,Intermediate,1 hr. 5 min.
https://origami-database.com/wp-content/uploads/DSC01215-export-900x900.jpg,Pajarito,The icon of Spanish origami. Pajarito means ‘small bird’ in Spanish.,Moderate,4 min.
https://origami-database.com/wp-content/uploads/DSC01213-export-900x900.jpg,Walking crab,Stylized crab that wiggles when tapped on a side.,Moderate,7 min.
https://origami-database.com/wp-content/uploads/DSC01217-export-900x900.jpg,Crane,The traditional origami crane.,Moderate,5 min.
https://origami-database.com/wp-content/uploads/DSC01203-export-900x900.jpg,Crown,A crown with 8 points.,Easy,5 min.
https://origami-database.com/wp-content/uploads/DSC01195-export-900x900.jpg,Boat,The traditional origami boat model.,Easy,2 min.
https://origami-database.com/wp-content/uploads/DSC01198-export-900x900.jpg,Frog,A stylized sitting frog.,Moderate,13 min.
https://origami-database.com/wp-content/uploads/DSC01180-export-900x900.jpg,Christmas tree,Multi-sheet christmas tree with segmented foliage.,Moderate,1 hr. 5 min.
https://origami-database.com/wp-content/uploads/DSC01183-export-900x900.jpg,Kneeling Mary,Kneeling model of the Christian figure.,Easy,4 min.
https://origami-database.com/wp-content/uploads/DSC01184-export-900x900.jpg,Joseph,Standing model of the Christian figure.,Easy,4 min.
https://origami-database.com/wp-content/uploads/DSC01182-export-900x900.jpg,Palm tree 2,An abstract palm tree made from two sheets.,Moderate,15 min.
https://origami-database.com/wp-content/uploads/DSC01186-export-900x900.jpg,Donkey,Standing model with reverse-colored underside and snout.,Intermediate,44 min.
https://origami-database.com/wp-content/uploads/DSC01175-export-900x900.jpg,Bullfrog,3D frog model with open mouth and reverse-colored underside.,Intermediate,50 min.
https://origami-database.com/wp-content/uploads/DSC01172-export-900x900.jpg,Grass,A patch of grassy leaves.,Moderate,5 min.
https://origami-database.com/wp-content/uploads/DSC01160-export-900x900.jpg,Ghost,Humanoid figure with long cowl and stretched out arms.,Moderate,13 min.
https://origami-database.com/wp-content/uploads/DSC01170-export-900x900.jpg,Snail,3D snail model with large spiral shell.,Intermediate,27 min.
https://origami-database.com/wp-content/uploads/DSC01157-export-900x900.jpg,Cat,Sitting cat with reverse-colored breast and nose.,Moderate,17 min.
https://origami-database.com/wp-content/uploads/DSC01166-export-900x900.jpg,Spider,Two-piece spider model with inflated 3D body.,Moderate,23 min.
https://origami-database.com/wp-content/uploads/DSC01149-export-900x900.jpg,Chopstick Duck,Simple duck made from a chopstick wrapper.,Easy,4 min.
https://origami-database.com/wp-content/uploads/DSC01152-export-900x900.jpg,Mother and Child,Model of a woman with reverse-colored skirt cradling a baby.,Intermediate,45 min.
https://origami-database.com/wp-content/uploads/DSC01142-export-900x900.jpg,Giraffe,"Standing, long-necked model.",Intermediate,22 min.
https://origami-database.com/wp-content/uploads/DSC01146-export-900x900.jpg,Harp seal pup,"Hollow model with reverse-colored eyes, nose and whiskers.",Intermediate,52 min.
https://origami-database.com/wp-content/uploads/DSC01096-export-900x900.jpg,Lizard,Standing lizard with reverse-colored eyes.,Moderate,18 min.
https://origami-database.com/wp-content/uploads/DSC01095-export-900x900.jpg,Cerberus,The three-headed hound of Hades from Greek mythology.,Intermediate,1 hr. 30 min.
https://origami-database.com/wp-content/uploads/DSC01085-export-900x900.jpg,Woodlouse,A simple segmented bug with two antennae.,Moderate,5 min.
https://origami-database.com/wp-content/uploads/DSC01080-export-900x900.jpg,Cicada,Traditional stylized cicada model with reverse-colored stripe.,Easy,3 min.
https://origami-database.com/wp-content/uploads/DSC01083-export-900x900.jpg,Rabbit,Stylized rabbit model with long pointy ears.,Easy,4 min.
https://origami-database.com/wp-content/uploads/DSC01069-export-900x900.jpg,Robin,3D model of a standing Robin with reverse-colored breast and legs.,Intermediate,30 min.
https://origami-database.com/wp-content/uploads/DSC01065-export-900x900.jpg,Snail on a leaf,Two-piece scene of a double-colored snail on a simple leaf.,Moderate,15 min.
https://origami-database.com/wp-content/uploads/DSC01060-export-900x900.jpg,Bird,Single colored standing bird with layered wings.,Moderate,10 min.
https://origami-database.com/wp-content/uploads/DSC01046-export-900x900.jpg,Three-Headed Standing Dragon,"Standing on two legs, this three-headed dragon has two sharp claws.",Intermediate,1 hr.
https://origami-database.com/wp-content/uploads/DSC01038-export-900x900.jpg,Winged Lion,Standing winged lion with large mane.,Intermediate,30 min.
https://origami-database.com/wp-content/uploads/DSC01051-export-1-900x900.jpg,Shield,A shield with large checkered pattern and a point on the top.,Easy,3 min.
https://origami-database.com/wp-content/uploads/DSC01032-export-900x900.jpg,Wyvern,Bipedal wyvern with arrow-tipped tail and five spikes on its head.,Intermediate,45 min.
https://origami-database.com/wp-content/uploads/DSC01030-export-900x900.jpg,Wizard,Robed wizard with pointy hat and long beard.,Moderate,20 min.
https://origami-database.com/wp-content/uploads/DSC01044-export-900x900.jpg,Sloth,Sloth model hanging from its paws.,Moderate,30 min.
https://origami-database.com/wp-content/uploads/DSC01035-export-900x900.jpg,Papa Penguin and his Baby Peep,Standing penguin with baby peeking from between its legs.,Moderate,5 min.
https://origami-database.com/wp-content/uploads/DSC00830-export-900x783.jpg,Chameleon,Chameleon model with open mouth and reverse-colored eyes.,Moderate,15 min.
https://origami-database.com/wp-content/uploads/DSC00822-export-900x900.jpg,Moose,Stylized standing moose with solid antlers.,Moderate,9 min.
https://origami-database.com/wp-content/uploads/DSC00824-export-900x900.jpg,Pumba,3D warthog model of the Disney character with single tusk.,Moderate,20 min.
https://origami-database.com/wp-content/uploads/DSC00832-export-900x900.jpg,Crocodile,Long crocodile model with distinctive head.,Moderate,20 min.
https://origami-database.com/wp-content/uploads/DSC00820-export-900x900.jpg,Adirondack Moose,"Standing moose with large, solid antlers.",Intermediate,40 min.
https://origami-database.com/wp-content/uploads/DSC00812-export-900x873.jpg,Cat,A stylized cat model with reverse-colored snout.,Moderate,6 min.
https://origami-database.com/wp-content/uploads/DSC00806-export-900x900.jpg,Scorpion,3D scorpion model with two open pincers and a stinger.,Moderate,25 min.
https://origami-database.com/wp-content/uploads/DSC00802-export-900x900.jpg,Wolf,Standing wolf model with characteristic head.,Intermediate,45 min.
https://origami-database.com/wp-content/uploads/DSC00796-export-900x900.jpg,Stegosaurus,Quadruped dinosaur with spikes on its back.,Moderate,10 min.
https://origami-database.com/wp-content/uploads/DSC00787-export-900x900.jpg,Hippogriff,Standing hippogriff model with distinctive eagle-like head.,Intermediate,55 min.
https://origami-database.com/wp-content/uploads/DSC00785-export-900x900.jpg,Apatosaurus,Long-necked standing dinosaur model with a large body.,Moderate,15 min.
https://origami-database.com/wp-content/uploads/DSC00776-export-900x900.jpg,Duck,Standing duckling model with reverse-colored beak and feet.,Moderate,25 min.
https://origami-database.com/wp-content/uploads/DSC00765-export-900x900.jpg,Dragon v3,Bipedal dragon with segmented tail and horned head.,Intermediate,30 min.
https://origami-database.com/wp-content/uploads/DSC00771-export-900x900.jpg,Airplane #2,Single propeller airplane with two wheels and vertical and horizontal stabilizers.,Moderate,15 min.
https://origami-database.com/wp-content/uploads/DSC00762-export-900x900.jpg,Seal,Upright seal with hindflippers perpendicular to the body.,Moderate,15 min.
https://origami-database.com/wp-content/uploads/DSC00756-export-900x900.jpg,Pig,Standing pig model with pronounced ears and snout.,Moderate,10 min.
https://origami-database.com/wp-content/uploads/DSC01049-export-900x900.jpg,Whale,A stylized whale model with an open mouth.,Moderate,10 min.
https://origami-database.com/wp-content/uploads/DSC00750-export-900x900.jpg,Parasaurolophus,Bipedal dinosaur model with reverse-colored horn on its distinctive head.,Moderate,10 min.
https://origami-database.com/wp-content/uploads/DSC00744-export-900x900.jpg,Seagull,Stylized flying seagull model.,Moderate,5 min.
https://origami-database.com/wp-content/uploads/DSC00739-export-900x900.jpg,Samurai Hat,A traditional samurai helmet with dual-colored features.,Easy,5 min.
https://origami-database.com/wp-content/uploads/DSC00728-export-900x900.jpg,Dragon 8.0,"A European-style dragon with large wings, standing on four legs.",Intermediate,45 min.
https://origami-database.com/wp-content/uploads/DSC00737-export-900x900.jpg,Deer,"Elegant deer with reverse colored inner ear, tail and breast.",Moderate,18 min.
https://origami-database.com/wp-content/uploads/DSC00730-export-900x900.jpg,Knight,Human knight with sword and large shield.,Moderate,10 min.
https://origami-database.com/wp-content/uploads/DSC00716-export-900x900.jpg,Rhino,Simple rhinoceros model with a large horn.,Moderate,10 min.
https://origami-database.com/wp-content/uploads/DSC00719-export-900x900.jpg,Dragon,Standing dragon with reverse colored wings.,Moderate,20 min.
https://origami-database.com/wp-content/uploads/DSC00711-export-900x900.jpg,Hammerhead shark,A hammerhead shark model with distinctive head.,Moderate,10 min.
https://origami-database.com/wp-content/uploads/DSC00704-export-900x900.jpg,Allosaurus,A standing dinosaur with open mouth and short arms.,Moderate,30 min.
https://origami-database.com/wp-content/uploads/DSC00685-export-900x900.jpg,Hercules Beetle,A six-legged beetle with distinctive horn.,Intermediate,30 min.
https://origami-database.com/wp-content/uploads/DSC00680-export-900x900.jpg,Shark,A simple shark model.,Easy,10 min.
https://origami-database.com/wp-content/uploads/DSC00670-export-900x900.jpg,Pegasus,A pegasus model folded from a single square.,Intermediate,35 min.
https://origami-database.com/wp-content/uploads/DSC00674-export-900x900.jpg,Cap,A simple 3D cap.,Easy,5 min.
https://origami-database.com/wp-content/uploads/DSC00664-export-900x836.jpg,Kangaroo,A stylized kangaroo model.,Moderate,16 min.
https://origami-database.com/wp-content/uploads/DSC00658-export-900x900.jpg,Brown Bear,Single-colored bear model standing on four legs.,Moderate,18 min.
https://origami-database.com/wp-content/uploads/DSC00628-export-900x900.jpg,Butterfly,Simple butterfly model.,Easy,4 min.
https://origami-database.com/wp-content/uploads/DSC00611-export-900x900.jpg,Asian Elephant,"With reverse-colored tusks, this model is 3D sculpted to represent the elephant’s physique.",Intermediate,35 min.
https://origami-database.com/wp-content/uploads/DSC00621-export-900x900.jpg,Songbird,A standing bird with independent wings.,Moderate,14 min.
https://origami-database.com/wp-content/uploads/DSC00616-export-900x900.jpg,Fish,Traditional origami fish.,Easy,3 min.
https://origami-database.com/wp-content/uploads/DSC00617-export-900x900.jpg,Mouse,"Sitting mouse with a long, thin tail.",Moderate,15 min.
https://origami-database.com/wp-content/uploads/DSC00603-export-900x900.jpg,Quetzalcoatlus,This flying dinosaur model has reverse-colored eyes.,Moderate,19 min.
https://origami-database.com/wp-content/uploads/DSC00599-export-900x900.jpg,Diplodocus,A long model that captures the hulking posture of the diplodocus.,Moderate,25 min.
https://origami-database.com/wp-content/uploads/DSC00580-export-900x900.jpg,Bull Walrus,This model captures the distinctive pose and long tusks of the walrus very well.,Moderate,22 min.
https://origami-database.com/wp-content/uploads/DSC00581-export-900x900.jpg,Canoe,A 3D canoe model with pointed ends.,Moderate,12 min.
https://origami-database.com/wp-content/uploads/DSC00573-export-900x900.jpg,Duck,A simple model of a duck.,Easy,5 min.
https://origami-database.com/wp-content/uploads/DSC00568-export-900x900.jpg,Giant Panda,A stylized panda bear.,Moderate,5 min.
https://origami-database.com/wp-content/uploads/DSC00555-export-900x900.jpg,Triceratops,Dinosaur model that features a three-horned head.,Moderate,20 min.
https://origami-database.com/wp-content/uploads/DSC00574-export-900x900.jpg,Rabbit,"With fluffy ears, breast and tail, this model has interesting color changes when folded with two-colored paper.",Moderate,24 min.
https://origami-database.com/wp-content/uploads/DSC00570-export-900x900.jpg,Swan,A simple swan model with a long neck.,Easy,4 min.
https://origami-database.com/wp-content/uploads/DSC03320-export-900x900.jpg,Fish,"Abstract fish model with open mouth and large, reverse-colored eye.",Intermediate,29 min.
https://origami-database.com/wp-content/uploads/DSC03312-export-900x900.jpg,Ammonite,Segmented shell with four reverse-colored tentacles.,Moderate,29 min.
https://origami-database.com/wp-content/uploads/DSC03309-export-900x900.jpg,Dandelion,Flower on stem with reverse-colored petals.,Moderate,25 min.
https://origami-database.com/wp-content/uploads/DSC03315-export-900x900.jpg,Raccoon,"Sitting racoon with distinctive reverse-colored snout, ears and bands on its tail.",Intermediate,41 min.
https://origami-database.com/wp-content/uploads/DSC03306-export-900x900.jpg,Velociraptor,Standing bipedal dinosaur with long tail and open mouth.,Moderate,27 min.
https://origami-database.com/wp-content/uploads/DSC03301-export-900x900.jpg,Hedgehog,"Standing hedgehog with reverse-colored head and feet, including a segmented back featuring quill-like motif.",Intermediate,50 min.
https://origami-database.com/wp-content/uploads/DSC03292-export-900x900.jpg,Crab,Eight-legged crab with two large claws.,Intermediate,35 min.
https://origami-database.com/wp-content/uploads/DSC03290-export-900x900.jpg,Zebra,"Standing zebra with reverse-colored nose, mane, tail and three stripes on its back.",Intermediate,40 min.
https://origami-database.com/wp-content/uploads/DSC03297-export-900x900.jpg,Clownfish,Fish with reverse-colored stripes.,Intermediate,38 min.
https://origami-database.com/wp-content/uploads/DSC03282-export-900x900.jpg,Toad/frog,"Sitting frog (or toad) model with reverse-colored eyes and jaw, featuring three digits on its front toes.",Intermediate,54 min.
https://origami-database.com/wp-content/uploads/DSC03287-export-900x900.jpg,Unicorn,Standing unicorn with large head and twisted horn.,Intermediate,57 min.
https://origami-database.com/wp-content/uploads/DSC03193-export-900x900.jpg,Satyr,Standing goat-like humanoid with reverse-colored horns.,Hard,1 hr. 18 min.
